Peptide	Prev AA	Next AA	Peptide Length	Protein Start	Protein End	Class	Charges	Probability	Qvalue	Spectral Count	Intensity	Assigned Modifications	Observed Modifications	Is Decoy	Is Contaminant	Protein	Protein ID	Entry Name	Gene	Protein Description	Mapped Genes	Mapped Proteins
PYGGVKLEDLIVK	-	D	13	1	13	2	"2, 3"	1	0	11	0			FALSE	FALSE	"mmu_Acat1_0017000-ORF3(384,531):none:25.3"	"mmu_Acat1_0017000-ORF3(384,531):none:25.3 PE=2"	"mmu_Acat1_0017000-ORF3(384,531):none:25.3 PE=2"		"mmu_Acat1_0017000-ORF3(384,531):none:25.3 PE=2"		"mmu_Acat1_0019000-ORF3(289,436):none:25.3, mmu_Cul5_0001000-ORF3(69,216):none:25.3"
PYGGVKLEDLIVKDGLTDVYNK	-	I	22	1	22	2	"3, 4"	0.9999	5.14E-05	5	0			FALSE	FALSE	"mmu_Acat1_0017000-ORF3(384,531):none:25.3"	"mmu_Acat1_0017000-ORF3(384,531):none:25.3 PE=2"	"mmu_Acat1_0017000-ORF3(384,531):none:25.3 PE=2"		"mmu_Acat1_0017000-ORF3(384,531):none:25.3 PE=2"		"mmu_Acat1_0019000-ORF3(289,436):none:25.3, mmu_Cul5_0001000-ORF3(69,216):none:25.3"
KVANVVINQTASDSK	R	V	15	45	59	2	2	1	0	6	0			FALSE	FALSE	"mmu_Btaf1_0045000-ORF2_ATG_RCT(45,384):none:74.3"	"mmu_Btaf1_0045000-ORF2_ATG_RCT(45,384):none:74.3 PE=2"	"mmu_Btaf1_0045000-ORF2_ATG_RCT(45,384):none:74.3 PE=2"		"mmu_Btaf1_0045000-ORF2_ATG_RCT(45,384):none:74.3 PE=2"		"mmu_Btaf1_0056000-ORF2_ATG_RCT(45,384):none:74.3"
VANVVINQTASDSK	K	V	14	46	59	2	2	0.9968	0.000964427	3	0			FALSE	FALSE	"mmu_Btaf1_0045000-ORF2_ATG_RCT(45,384):none:74.3"	"mmu_Btaf1_0045000-ORF2_ATG_RCT(45,384):none:74.3 PE=2"	"mmu_Btaf1_0045000-ORF2_ATG_RCT(45,384):none:74.3 PE=2"		"mmu_Btaf1_0045000-ORF2_ATG_RCT(45,384):none:74.3 PE=2"		"mmu_Btaf1_0056000-ORF2_ATG_RCT(45,384):none:74.3"
CEASNIVGK	R	A	9	65	73	1	2	0.9997	5.14E-05	2	0	1C(57.0214)		FALSE	FALSE	"mmu_Cadm1_0035000-ORF2_ATG_RCT(23,368):none:84.1"	"mmu_Cadm1_0035000-ORF2_ATG_RCT(23,368):none:84.1 PE=2"	"mmu_Cadm1_0035000-ORF2_ATG_RCT(23,368):none:84.1 PE=2"		"mmu_Cadm1_0035000-ORF2_ATG_RCT(23,368):none:84.1 PE=2"	Cadm1	"mmu_Cadm1_0024000-ORF1(797,944):none:25.1, mmu_Cadm1_0038000-ORF1(497,644):none:25.1, mmu_Cadm1_0041000-ORF2_ATG_RCT(23,368):none:84.1, mmu_Cadm1_0046000-ORF1(106,184):none:25.1, sp|Q8R5M8-2|CADM1_MOUSE, sp|Q8R5M8-3|CADM1_MOUSE, sp|Q8R5M8-4|CADM1_MOUSE, sp|Q8R5M8-5|CADM1_MOUSE, sp|Q8R5M8-6|CADM1_MOUSE, sp|Q8R5M8-7|CADM1_MOUSE, sp|Q8R5M8|CADM1_MOUSE"
EGDAFELTCEAIGKPQPVMVTWVR	R	V	24	11	34	1	3	0.9995	8.81E-05	6	0	9C(57.0214)		FALSE	FALSE	"mmu_Cadm1_0035000-ORF2_ATG_RCT(23,368):none:84.1"	"mmu_Cadm1_0035000-ORF2_ATG_RCT(23,368):none:84.1 PE=2"	"mmu_Cadm1_0035000-ORF2_ATG_RCT(23,368):none:84.1 PE=2"		"mmu_Cadm1_0035000-ORF2_ATG_RCT(23,368):none:84.1 PE=2"	Cadm1	"mmu_Cadm1_0041000-ORF2_ATG_RCT(23,368):none:84.1, sp|Q8R5M8-2|CADM1_MOUSE, sp|Q8R5M8-3|CADM1_MOUSE, sp|Q8R5M8-4|CADM1_MOUSE, sp|Q8R5M8-5|CADM1_MOUSE, sp|Q8R5M8-6|CADM1_MOUSE, sp|Q8R5M8-7|CADM1_MOUSE, sp|Q8R5M8|CADM1_MOUSE"
ESNCYDPER	R	V	9	11	19	1	2	0.9983	0.000362538	12	0	4C(57.0214)		FALSE	FALSE	"mmu_Cltc_0039000-ORF3(435,582):none:25.3"	"mmu_Cltc_0039000-ORF3(435,582):none:25.3 PE=2"	"mmu_Cltc_0039000-ORF3(435,582):none:25.3 PE=2"		"mmu_Cltc_0039000-ORF3(435,582):none:25.3 PE=2"	Cltc	"mmu_Cltc_0038000-ORF3(2175,2322):none:25.3, sp|Q68FD5|CLH1_MOUSE"
ESNCYDPERVK	R	N	11	11	21	1	"2, 3"	0.9999	5.14E-05	24	0	4C(57.0214)		FALSE	FALSE	"mmu_Cltc_0039000-ORF3(435,582):none:25.3"	"mmu_Cltc_0039000-ORF3(435,582):none:25.3 PE=2"	"mmu_Cltc_0039000-ORF3(435,582):none:25.3 PE=2"		"mmu_Cltc_0039000-ORF3(435,582):none:25.3 PE=2"	Cltc	"mmu_Cltc_0038000-ORF3(2175,2322):none:25.3, sp|Q68FD5|CLH1_MOUSE"
VADAILGNQMFTHYDR	K	A	16	26	41	2	"2, 3"	0.9999	5.14E-05	9	0			FALSE	FALSE	"mmu_Cltc_0039000-ORF3(435,582):none:25.3"	"mmu_Cltc_0039000-ORF3(435,582):none:25.3 PE=2"	"mmu_Cltc_0039000-ORF3(435,582):none:25.3 PE=2"		"mmu_Cltc_0039000-ORF3(435,582):none:25.3 PE=2"		
GQGTEFNLTFR	K	K	11	57	67	2	2	0.9838	0.001168987	3	0			FALSE	FALSE	"mmu_Dnajc13_0091000-ORF8_CTG(377,860):none:17.2|159.3"	"mmu_Dnajc13_0091000-ORF8_CTG(377,860):none:17.2|159.3 PE=2"	"mmu_Dnajc13_0091000-ORF8_CTG(377,860):none:17.2|159.3 PE=2"		"mmu_Dnajc13_0091000-ORF8_CTG(377,860):none:17.2|159.3 PE=2"		"mmu_Dnajc13_0092000-ORF6_CTG(317,725):none:11.2|127.3, mmu_Dnajc13_0095000-ORF6_CTG(317,725):none:11.2|127.3"
KPVVLEVTPGGFDQINPVTNR	K	V	21	106	126	2	3	0.9991	8.81E-05	3	0			FALSE	FALSE	"mmu_Dnajc13_0091000-ORF8_CTG(377,860):none:17.2|159.3"	"mmu_Dnajc13_0091000-ORF8_CTG(377,860):none:17.2|159.3 PE=2"	"mmu_Dnajc13_0091000-ORF8_CTG(377,860):none:17.2|159.3 PE=2"		"mmu_Dnajc13_0091000-ORF8_CTG(377,860):none:17.2|159.3 PE=2"		"mmu_Dnajc13_0065000-ORF5_CTG(269,644):none:17.2|123.3"
SSSLEQELALK	R	S	11	30	40	2	2	0.9931	0.001168987	5	0			FALSE	FALSE	"mmu_Mdn1_0010000-ORF3(168,315):none:25.3"	"mmu_Mdn1_0010000-ORF3(168,315):none:25.3 PE=2"	"mmu_Mdn1_0010000-ORF3(168,315):none:25.3 PE=2"		"mmu_Mdn1_0010000-ORF3(168,315):none:25.3 PE=2"		
VQLGDQTDSK	K	A	10	16	25	2	2	0.9977	0.000472367	6	0			FALSE	FALSE	"mmu_Mdn1_0010000-ORF3(168,315):none:25.3"	"mmu_Mdn1_0010000-ORF3(168,315):none:25.3 PE=2"	"mmu_Mdn1_0010000-ORF3(168,315):none:25.3 PE=2"		"mmu_Mdn1_0010000-ORF3(168,315):none:25.3 PE=2"		
HSLTTLTEQWIILR	R	N	14	12	25	2	"2, 3"	0.9985	0.00021004	6	0			FALSE	FALSE	"mmu_Mdn1_0088000-ORF2(148,295):none:25.2"	"mmu_Mdn1_0088000-ORF2(148,295):none:25.2 PE=2"	"mmu_Mdn1_0088000-ORF2(148,295):none:25.2 PE=2"		"mmu_Mdn1_0088000-ORF2(148,295):none:25.2 PE=2"		"mmu_Mdn1_0085000-ORF2(858,939):none:25.2"
LLTEISSLWDGCQK	R	Y	14	26	39	2	2	0.9997	5.14E-05	5	0	12C(57.0214)		FALSE	FALSE	"mmu_Mdn1_0088000-ORF2(148,295):none:25.2"	"mmu_Mdn1_0088000-ORF2(148,295):none:25.2 PE=2"	"mmu_Mdn1_0088000-ORF2(148,295):none:25.2 PE=2"		"mmu_Mdn1_0088000-ORF2(148,295):none:25.2 PE=2"		
DGSHLIIDGLHAEASDDLVR	R	E	20	202	221	1	"3, 4"	0.9982	0.000362538	7	0			FALSE	FALSE	"mmu_Mipep_0004000-ORF45_ATG_RCT(1294,2722):none:20.3|472.1"	"mmu_Mipep_0004000-ORF45_ATG_RCT(1294,2722):none:20.3|472.1 PE=2"	"mmu_Mipep_0004000-ORF45_ATG_RCT(1294,2722):none:20.3|472.1 PE=2"		"mmu_Mipep_0004000-ORF45_ATG_RCT(1294,2722):none:20.3|472.1 PE=2"	Mipep	sp|A6H611|MIPEP_MOUSE
ILDLSNAFLMR	K	T	11	169	179	1	2	0.9827	0.001168987	1	0			FALSE	FALSE	"mmu_Mipep_0004000-ORF45_ATG_RCT(1294,2722):none:20.3|472.1"	"mmu_Mipep_0004000-ORF45_ATG_RCT(1294,2722):none:20.3|472.1 PE=2"	"mmu_Mipep_0004000-ORF45_ATG_RCT(1294,2722):none:20.3|472.1 PE=2"		"mmu_Mipep_0004000-ORF45_ATG_RCT(1294,2722):none:20.3|472.1 PE=2"	Mipep	"mmu_Mipep_0020000-ORF3(880,1012):none:20.3, mmu_Mipep_0023000-ORF3(194,308):none:14.3, sp|A6H611|MIPEP_MOUSE"
VADLADFVK	R	I	9	75	83	1	2	0.9982	0.000362538	5	0			FALSE	FALSE	"mmu_Mipep_0004000-ORF45_ATG_RCT(1294,2722):none:20.3|472.1"	"mmu_Mipep_0004000-ORF45_ATG_RCT(1294,2722):none:20.3|472.1 PE=2"	"mmu_Mipep_0004000-ORF45_ATG_RCT(1294,2722):none:20.3|472.1 PE=2"		"mmu_Mipep_0004000-ORF45_ATG_RCT(1294,2722):none:20.3|472.1 PE=2"	Mipep	sp|A6H611|MIPEP_MOUSE
EFSPFGSITSAK	R	V	12	14	25	2	2	0.9979	0.000472367	12	0			FALSE	FALSE	"mmu_Pabpc4_0001000-ORF3(394,478):none:25.3"	"mmu_Pabpc4_0001000-ORF3(394,478):none:25.3 PE=2"	"mmu_Pabpc4_0001000-ORF3(394,478):none:25.3 PE=2"		"mmu_Pabpc4_0001000-ORF3(394,478):none:25.3 PE=2"		
NLDDTIDDEKLR	-	R	12	1	12	2	3	0.9878	0.001168987	1	0			FALSE	FALSE	"mmu_Pabpc4_0001000-ORF3(394,478):none:25.3"	"mmu_Pabpc4_0001000-ORF3(394,478):none:25.3 PE=2"	"mmu_Pabpc4_0001000-ORF3(394,478):none:25.3 PE=2"		"mmu_Pabpc4_0001000-ORF3(394,478):none:25.3 PE=2"		
NLDDTIDDEKLRR	-	E	13	1	13	2	3	0.9985	0.000251446	4	0			FALSE	FALSE	"mmu_Pabpc4_0001000-ORF3(394,478):none:25.3"	"mmu_Pabpc4_0001000-ORF3(394,478):none:25.3 PE=2"	"mmu_Pabpc4_0001000-ORF3(394,478):none:25.3 PE=2"		"mmu_Pabpc4_0001000-ORF3(394,478):none:25.3 PE=2"		
GEAAEEPGTSAFTFGDENR	R	T	19	6	24	2	2	0.9998	5.14E-05	5	0			FALSE	FALSE	"mmu_Scml2_0016000-ORF1_TTG_RCT(56,782):none:200.1"	"mmu_Scml2_0016000-ORF1_TTG_RCT(56,782):none:200.1 PE=2"	"mmu_Scml2_0016000-ORF1_TTG_RCT(56,782):none:200.1 PE=2"		"mmu_Scml2_0016000-ORF1_TTG_RCT(56,782):none:200.1 PE=2"		"mmu_Scml2_0017000-ORF1_TTG_RCT(56,1118):none:312.1"
LFADQGAAPAEK	R	K	12	163	174	2	2	1	0	6	0			FALSE	FALSE	"mmu_Scml2_0016000-ORF1_TTG_RCT(56,782):none:200.1"	"mmu_Scml2_0016000-ORF1_TTG_RCT(56,782):none:200.1 PE=2"	"mmu_Scml2_0016000-ORF1_TTG_RCT(56,782):none:200.1 PE=2"		"mmu_Scml2_0016000-ORF1_TTG_RCT(56,782):none:200.1 PE=2"		"mmu_Scml2_0017000-ORF1_TTG_RCT(56,1118):none:312.1"
LFADQGDAPAEK	R	K	12	107	118	2	2	0.9999	5.14E-05	6	0			FALSE	FALSE	"mmu_Scml2_0016000-ORF1_TTG_RCT(56,782):none:200.1"	"mmu_Scml2_0016000-ORF1_TTG_RCT(56,782):none:200.1 PE=2"	"mmu_Scml2_0016000-ORF1_TTG_RCT(56,782):none:200.1 PE=2"		"mmu_Scml2_0016000-ORF1_TTG_RCT(56,782):none:200.1 PE=2"		"mmu_Scml2_0017000-ORF1_TTG_RCT(56,1118):none:312.1"
LFADQGDAPAEKK	R	R	13	107	119	2	"2, 3"	0.9951	0.001168987	2	0			FALSE	FALSE	"mmu_Scml2_0016000-ORF1_TTG_RCT(56,782):none:200.1"	"mmu_Scml2_0016000-ORF1_TTG_RCT(56,782):none:200.1 PE=2"	"mmu_Scml2_0016000-ORF1_TTG_RCT(56,782):none:200.1 PE=2"		"mmu_Scml2_0016000-ORF1_TTG_RCT(56,782):none:200.1 PE=2"		"mmu_Scml2_0017000-ORF1_TTG_RCT(56,1118):none:312.1"
TLKDCRGEAAEEPGTSAFTFGDENR	R	-	25	218	242	2	3	0.9999	5.14E-05	4	0	5C(57.0214)		FALSE	FALSE	"mmu_Scml2_0016000-ORF1_TTG_RCT(56,782):none:200.1"	"mmu_Scml2_0016000-ORF1_TTG_RCT(56,782):none:200.1 PE=2"	"mmu_Scml2_0016000-ORF1_TTG_RCT(56,782):none:200.1 PE=2"		"mmu_Scml2_0016000-ORF1_TTG_RCT(56,782):none:200.1 PE=2"		"mmu_Scml2_0017000-ORF1_TTG_RCT(56,1118):none:312.1"
GKTEIQVNCPK	K	V	11	84	94	1	"2, 3"	1	0	17	0	9C(57.0214)		FALSE	FALSE	"mmu_Sypl_0001000-ORF3_TTG_RCT(129,537):none:69.3"	"mmu_Sypl_0001000-ORF3_TTG_RCT(129,537):none:69.3 PE=2"	"mmu_Sypl_0001000-ORF3_TTG_RCT(129,537):none:69.3 PE=2"		"mmu_Sypl_0001000-ORF3_TTG_RCT(129,537):none:69.3 PE=2"	Sypl1	"mmu_Sypl_0004000-ORF3_TTG_RCT(129,537):none:69.3, sp|O09117-2|SYPL1_MOUSE, sp|O09117|SYPL1_MOUSE"
TEIQVNCPK	K	V	9	86	94	1	2	0.9999	5.14E-05	12	0	7C(57.0214)		FALSE	FALSE	"mmu_Sypl_0001000-ORF3_TTG_RCT(129,537):none:69.3"	"mmu_Sypl_0001000-ORF3_TTG_RCT(129,537):none:69.3 PE=2"	"mmu_Sypl_0001000-ORF3_TTG_RCT(129,537):none:69.3 PE=2"		"mmu_Sypl_0001000-ORF3_TTG_RCT(129,537):none:69.3 PE=2"	Sypl1	"mmu_Sypl_0004000-ORF3_TTG_RCT(129,537):none:69.3, sp|O09117-2|SYPL1_MOUSE, sp|O09117|SYPL1_MOUSE"
GAEAANVTGPGGVPVK	-	G	16	1	16	2	2	1	0	12	0			FALSE	FALSE	"mmu_Ybx2_0003000-ORF1(64,211):none:25.1"	"mmu_Ybx2_0003000-ORF1(64,211):none:25.1 PE=2"	"mmu_Ybx2_0003000-ORF1(64,211):none:25.1 PE=2"		"mmu_Ybx2_0003000-ORF1(64,211):none:25.1 PE=2"		
GAEAANVTGPGGVPVKGSR	-	Y	19	1	19	2	"2, 3"	1	0	23	0	N-term(42.0106)		FALSE	FALSE	"mmu_Ybx2_0003000-ORF1(64,211):none:25.1"	"mmu_Ybx2_0003000-ORF1(64,211):none:25.1 PE=2"	"mmu_Ybx2_0003000-ORF1(64,211):none:25.1 PE=2"		"mmu_Ybx2_0003000-ORF1(64,211):none:25.1 PE=2"		
